archive,url,rows,checksum,checksum_verified
BTCUSDT-1d-2023-08.zip,https://data.binance.vision/data/futures/um/monthly/klines/BTCUSDT/1d/BTCUSDT-1d-2023-08.zip,31,41b24c62e3d1faffb51c0ac9be01d771a6bfb2e3867b8dbe05786d3f700ed8c4,true
BTCUSDT-1d-2023-09.zip,https://data.binance.vision/data/futures/um/monthly/klines/BTCUSDT/1d/BTCUSDT-1d-2023-09.zip,30,1e96a90b3df6f41b55ab34fdfadc77d1837eae039155e1f0a4e7629fdbe019de,true
BTCUSDT-1d-2023-10.zip,https://data.binance.vision/data/futures/um/monthly/klines/BTCUSDT/1d/BTCUSDT-1d-2023-10.zip,31,35af8f19a76011935111104919ed535c63a225b1334f36eaa9e488e7a228dd67,true
BTCUSDT-1d-2023-11.zip,https://data.binance.vision/data/futures/um/monthly/klines/BTCUSDT/1d/BTCUSDT-1d-2023-11.zip,30,eae4a133704d6b3a2c2c796bffce6aff605d72cb9a0e974e0fc16adf23c150f6,true
BTCUSDT-1d-2023-12.zip,https://data.binance.vision/data/futures/um/monthly/klines/BTCUSDT/1d/BTCUSDT-1d-2023-12.zip,31,417fd4410cdeede8bb0f473bdece4c856a27c737e95ef3370c8333fbe9fa0023,true
BTCUSDT-1d-2024-01.zip,https://data.binance.vision/data/futures/um/monthly/klines/BTCUSDT/1d/BTCUSDT-1d-2024-01.zip,31,26b06a00b615b9a85c6c7404971a8756c1006ef8192f8b1a02aadb9fef7e61f5,true
BTCUSDT-1d-2024-02.zip,https://data.binance.vision/data/futures/um/monthly/klines/BTCUSDT/1d/BTCUSDT-1d-2024-02.zip,29,082bc500af56b944e9f68707e7f32aef98d6793ccd542ecfc2ffbaf9dda2377a,true
BTCUSDT-1d-2024-03.zip,https://data.binance.vision/data/futures/um/monthly/klines/BTCUSDT/1d/BTCUSDT-1d-2024-03.zip,31,44dcb588ee5f82601710d37492246575585ab70d7c938b79e0d7163434d25436,true
BTCUSDT-1d-2024-04.zip,https://data.binance.vision/data/futures/um/monthly/klines/BTCUSDT/1d/BTCUSDT-1d-2024-04.zip,30,e09120d5e8c029f132670d03e173420bd599ac582c5ab38bc02136bfc7b2fabc,true
BTCUSDT-1d-2024-05.zip,https://data.binance.vision/data/futures/um/monthly/klines/BTCUSDT/1d/BTCUSDT-1d-2024-05.zip,31,03ea4f510206bdc5ff623acd6fab27ff46a464d700dcb00d637d6cb6c844ccde,true
BTCUSDT-1d-2024-06.zip,https://data.binance.vision/data/futures/um/monthly/klines/BTCUSDT/1d/BTCUSDT-1d-2024-06.zip,30,a92b43b86ff23ad4e9ea0b931c6a88ecdb4d3265052ab96e81a078344c99328c,true
BTCUSDT-1d-2024-07.zip,https://data.binance.vision/data/futures/um/monthly/klines/BTCUSDT/1d/BTCUSDT-1d-2024-07.zip,31,f3ea230291b5d2243f06fbf8b0ce213ab8aaa82ea3a94bdbb5661edda43b4cbe,true
BTCUSDT-1d-2024-08.zip,https://data.binance.vision/data/futures/um/monthly/klines/BTCUSDT/1d/BTCUSDT-1d-2024-08.zip,31,cd84abb28fffe93471c77859b9d8c57059fb88b4522545ab80c6fb3d6c834140,true
BTCUSDT-1d-2024-09.zip,https://data.binance.vision/data/futures/um/monthly/klines/BTCUSDT/1d/BTCUSDT-1d-2024-09.zip,30,2516eb3105e5a9458350a12dade88224f7a71e67d1a593fdeabb75f8bbdf3ff2,true
BTCUSDT-1d-2024-10.zip,https://data.binance.vision/data/futures/um/monthly/klines/BTCUSDT/1d/BTCUSDT-1d-2024-10.zip,31,c0d3d077c5e41ec2201e8bc8382e1ad4f7b4dfecac8f4f827a1d20ab1d87baeb,true
BTCUSDT-1d-2024-11.zip,https://data.binance.vision/data/futures/um/monthly/klines/BTCUSDT/1d/BTCUSDT-1d-2024-11.zip,30,98bcbfe0e6687f237c0c7913e7c39c625129a8e4cf6d1f358235f1ed5cc0e9ef,true
BTCUSDT-1d-2024-12.zip,https://data.binance.vision/data/futures/um/monthly/klines/BTCUSDT/1d/BTCUSDT-1d-2024-12.zip,31,9374dc7b5f2790965f6b87223746e8537e59e7f9403eb24241615b6745ec1be2,true
BTCUSDT-1d-2025-01.zip,https://data.binance.vision/data/futures/um/monthly/klines/BTCUSDT/1d/BTCUSDT-1d-2025-01.zip,31,d0e4cddb95124cd770325a418e170692b6325ad57d04980c9f0a56f91aeb8abe,true
BTCUSDT-1d-2025-02.zip,https://data.binance.vision/data/futures/um/monthly/klines/BTCUSDT/1d/BTCUSDT-1d-2025-02.zip,28,9d7f03443771d9a88f72179995bfa490cbddb291e6570da5303aa3dd1318773d,true
BTCUSDT-1d-2025-03.zip,https://data.binance.vision/data/futures/um/monthly/klines/BTCUSDT/1d/BTCUSDT-1d-2025-03.zip,31,630d36287b1e90438c4bda4d5966c97c129bdadfc5c20dd666e21d7c72e1ec54,true
BTCUSDT-1d-2025-04.zip,https://data.binance.vision/data/futures/um/monthly/klines/BTCUSDT/1d/BTCUSDT-1d-2025-04.zip,30,7ecc8db32272da5151d96da48014ab657c492b49468fcd2e13186efc54d54815,true
BTCUSDT-1d-2025-05.zip,https://data.binance.vision/data/futures/um/monthly/klines/BTCUSDT/1d/BTCUSDT-1d-2025-05.zip,31,4881cc91121ea7faabeaf1d46807044dfa0af6fdef5c8d512bebbe047456b4f6,true
BTCUSDT-1d-2025-06.zip,https://data.binance.vision/data/futures/um/monthly/klines/BTCUSDT/1d/BTCUSDT-1d-2025-06.zip,30,c11054f2eaacd83b4327c7eef2001221e33beb3caf6dab2b44d2cef0da6ab98b,true
BTCUSDT-1d-2025-07.zip,https://data.binance.vision/data/futures/um/monthly/klines/BTCUSDT/1d/BTCUSDT-1d-2025-07.zip,31,bce326227436ff4ebf119379859c1ac1c8df5fcb8a4bfe9f07c7f8ade18f9d7d,true
BTCUSDT-1d-2025-08.zip,https://data.binance.vision/data/futures/um/monthly/klines/BTCUSDT/1d/BTCUSDT-1d-2025-08.zip,31,cb26a985295a658b1c69a253bf617e35e2cfa3b9ad694dfc2b20977baf918f21,true
BTCUSDT-1d-2025-09.zip,https://data.binance.vision/data/futures/um/monthly/klines/BTCUSDT/1d/BTCUSDT-1d-2025-09.zip,30,a4f711e5efb64e87c66d945db3440d2161a6d68eeaee026732c085bf77c9784b,true
BTCUSDT-1d-2025-10.zip,https://data.binance.vision/data/futures/um/monthly/klines/BTCUSDT/1d/BTCUSDT-1d-2025-10.zip,31,f3db8b3c74aa33a09f5a7af1521652039e031cdd52e2d9dae542911cb6ce8e68,true
BTCUSDT-1d-2025-11.zip,https://data.binance.vision/data/futures/um/monthly/klines/BTCUSDT/1d/BTCUSDT-1d-2025-11.zip,30,606b497e9d4ad7b67d2c44482c4a8c136f528a82b4585b1f1a0ecc79a4989165,true
BTCUSDT-1d-2025-12.zip,https://data.binance.vision/data/futures/um/monthly/klines/BTCUSDT/1d/BTCUSDT-1d-2025-12.zip,31,40484d66317a3c7c73e438f8243faf23e041863debdb9e4f523b00156f9dd8d2,true
BTCUSDT-1d-2026-01.zip,https://data.binance.vision/data/futures/um/monthly/klines/BTCUSDT/1d/BTCUSDT-1d-2026-01.zip,31,6ea7e8767031806d4ecc17581af562e49f4f223b7db45cbb4e44c078f4f39635,true
BTCUSDT-1d-2026-02.zip,https://data.binance.vision/data/futures/um/monthly/klines/BTCUSDT/1d/BTCUSDT-1d-2026-02.zip,28,dc4ac6372ec3684e39887b4fd9f9b005da82b285badf56b28ebcc5455590fe37,true
BTCUSDT-1d-2026-03.zip,https://data.binance.vision/data/futures/um/monthly/klines/BTCUSDT/1d/BTCUSDT-1d-2026-03.zip,31,6e6f14c60e723f9c9d1e87d00df0553e6f2e8813c67154101884e1d93e017e48,true
BTCUSDT-1d-2026-04.zip,https://data.binance.vision/data/futures/um/monthly/klines/BTCUSDT/1d/BTCUSDT-1d-2026-04.zip,30,3860febfca089675b86fd50df54a2da0a7980de1331e5b42e1df0210240ae12d,true
BTCUSDT-1d-2026-05.zip,https://data.binance.vision/data/futures/um/monthly/klines/BTCUSDT/1d/BTCUSDT-1d-2026-05.zip,31,91d2e45e3bb4994c849ac56a089da18575b4d01ba1a9f4cff5d3fbbc27b7e9cc,true
BTCUSDT-1d-2026-06.zip,https://data.binance.vision/data/futures/um/monthly/klines/BTCUSDT/1d/BTCUSDT-1d-2026-06.zip,30,916bc1d543aceb81184584da93d202cccaab5e21eb4e789996af35e6846de668,true
BTCUSDT-1d-2026-07-01.zip,https://data.binance.vision/data/futures/um/daily/klines/BTCUSDT/1d/BTCUSDT-1d-2026-07-01.zip,1,96fcd0739c4461d3cd2e0d9e34bf25831846abc1fa20eb78c918440d44eecb84,true
BTCUSDT-1d-2026-07-02.zip,https://data.binance.vision/data/futures/um/daily/klines/BTCUSDT/1d/BTCUSDT-1d-2026-07-02.zip,1,a75bcd34ed526ca6e801c01d1bd5ce55ef741c7c63fda80b10ec1ab0520a3d61,true
BTCUSDT-1d-2026-07-03.zip,https://data.binance.vision/data/futures/um/daily/klines/BTCUSDT/1d/BTCUSDT-1d-2026-07-03.zip,1,3ab9542e6013804fb95bdfeba8f3575aa066967851389f54ad6be8b81922d88a,true
BTCUSDT-1d-2026-07-04.zip,https://data.binance.vision/data/futures/um/daily/klines/BTCUSDT/1d/BTCUSDT-1d-2026-07-04.zip,1,d0ea71a2bb9e1c79755ced8c7459eb091c4c0d8cecb8c0f833b85dc3f216733d,true
BTCUSDT-1d-2026-07-05.zip,https://data.binance.vision/data/futures/um/daily/klines/BTCUSDT/1d/BTCUSDT-1d-2026-07-05.zip,1,443b0d2a2f30c2c512c29b2c1a3e15e80ce2ce6ed5111b6eb58e68f9dd2ab73c,true
BTCUSDT-1d-2026-07-06.zip,https://data.binance.vision/data/futures/um/daily/klines/BTCUSDT/1d/BTCUSDT-1d-2026-07-06.zip,1,37c50e85eaf9fdd6cb2131961cfbd0fb0db57f481a4bb213b012434abeccf0d1,true
BTCUSDT-1d-2026-07-07.zip,https://data.binance.vision/data/futures/um/daily/klines/BTCUSDT/1d/BTCUSDT-1d-2026-07-07.zip,1,f24c612326b193ab1360980ff57dbfb76dcf960ba8e69d4b8acc7675fb9a4b9d,true
BTCUSDT-1d-2026-07-08.zip,https://data.binance.vision/data/futures/um/daily/klines/BTCUSDT/1d/BTCUSDT-1d-2026-07-08.zip,1,fb4b3ddf821e7fb2d776f02a5fad608304f5990f28117014593d6de8c666f2cc,true
BTCUSDT-1d-2026-07-09.zip,https://data.binance.vision/data/futures/um/daily/klines/BTCUSDT/1d/BTCUSDT-1d-2026-07-09.zip,1,967dd4d169548f7548c4666153ff0f3aa97b3bc1e1bc4aad38fa98cd5e0abe81,true
BTCUSDT-1d-2026-07-10.zip,https://data.binance.vision/data/futures/um/daily/klines/BTCUSDT/1d/BTCUSDT-1d-2026-07-10.zip,1,eaed648cbd57afcd2ddf3555fd68a815f7f30531bb9f8f63eb9231c470b58e90,true
BTCUSDT-1d-2026-07-11.zip,https://data.binance.vision/data/futures/um/daily/klines/BTCUSDT/1d/BTCUSDT-1d-2026-07-11.zip,1,fd1e3c5a1e6ef09c808787ece15f855180eecb6819ac486cdbe931620ba8b868,true
BTCUSDT-1d-2026-07-12.zip,https://data.binance.vision/data/futures/um/daily/klines/BTCUSDT/1d/BTCUSDT-1d-2026-07-12.zip,1,380e7300eb5c4269ebe32f3a4ad4ca467893ad58524380a135241a1c5e6b8580,true
BTCUSDT-1d-2026-07-13.zip,https://data.binance.vision/data/futures/um/daily/klines/BTCUSDT/1d/BTCUSDT-1d-2026-07-13.zip,1,04afc083b98df749dfd52d1ad2822393fc35c3b0e230054e682e13a6f865f8f5,true
BTCUSDT-1d-2026-07-14.zip,https://data.binance.vision/data/futures/um/daily/klines/BTCUSDT/1d/BTCUSDT-1d-2026-07-14.zip,1,8c19a99bbb57da20a83d5e69b613765862d218b97ab609b6e6ad9b366355ae06,true
BTCUSDT-1d-2026-07-15.zip,https://data.binance.vision/data/futures/um/daily/klines/BTCUSDT/1d/BTCUSDT-1d-2026-07-15.zip,1,a93b5e43b7b2c0dc69f522bea2ac412f76a0ac6df3ee04f027b50b49484987a2,true
BTCUSDT-1d-2026-07-16.zip,https://data.binance.vision/data/futures/um/daily/klines/BTCUSDT/1d/BTCUSDT-1d-2026-07-16.zip,1,1e1cfc747389f76210e79a32b3944693a008a45b5361efba5c80b11b406739e8,true
BTCUSDT-1d-2026-07-17.zip,https://data.binance.vision/data/futures/um/daily/klines/BTCUSDT/1d/BTCUSDT-1d-2026-07-17.zip,1,c7d5799c8c2516f69d2a05f8c919acba9bf576bd65f2301131556c71c905a973,true
BTCUSDT-1d-2026-07-18.zip,https://data.binance.vision/data/futures/um/daily/klines/BTCUSDT/1d/BTCUSDT-1d-2026-07-18.zip,1,4f79f4ddabcb3e446a8774a8dccf9285507c769c96130273f8cc58adfabe80cb,true
BTCUSDT-1d-2026-07-19.zip,https://data.binance.vision/data/futures/um/daily/klines/BTCUSDT/1d/BTCUSDT-1d-2026-07-19.zip,1,cf998b91c6afb6f03b5e0420b848f0c173791ecc02877eea8316184b41adbca4,true
BTCUSDT-1d-2026-07-20.zip,https://data.binance.vision/data/futures/um/daily/klines/BTCUSDT/1d/BTCUSDT-1d-2026-07-20.zip,1,7f309faa4e97a59ccce81ac4ea6c16fb54210aafcea5b09133076166eec656d7,true
BTCUSDT-1d-2026-07-21.zip,https://data.binance.vision/data/futures/um/daily/klines/BTCUSDT/1d/BTCUSDT-1d-2026-07-21.zip,1,9b9a00461f4610cf571ded8c58245078d0f119a29b429520c95639264729309f,true
BTCUSDT-1d-2026-07-22.zip,https://data.binance.vision/data/futures/um/daily/klines/BTCUSDT/1d/BTCUSDT-1d-2026-07-22.zip,1,e2ab7c8ca0373d4edd4645e3a18bdf4731ec411458866899689a04da50d7717d,true
BTCUSDT-1d-2026-07-23.zip,https://data.binance.vision/data/futures/um/daily/klines/BTCUSDT/1d/BTCUSDT-1d-2026-07-23.zip,1,3734c6b4f157da76e7e234c997f9142a1f2a1fc24ad7c407e8460ae69e238144,true
BTCUSDT-1d-2026-07-24.zip,https://data.binance.vision/data/futures/um/daily/klines/BTCUSDT/1d/BTCUSDT-1d-2026-07-24.zip,1,638e8cf2501a622503049d5ad31f167ced786aa727526d3d33eed306223ef491,true
BTCUSDT-1d-2026-07-25.zip,https://data.binance.vision/data/futures/um/daily/klines/BTCUSDT/1d/BTCUSDT-1d-2026-07-25.zip,1,8cf7440d2b832c820bb5153644d157303662ac1a924c8dc02b7dcc97fc892d37,true
BTCUSDT-1d-2026-07-26.zip,https://data.binance.vision/data/futures/um/daily/klines/BTCUSDT/1d/BTCUSDT-1d-2026-07-26.zip,1,a9c181b4312634369e89b280da2aeb1499391e4d46959c28a99d4700fac897f8,true
BTCUSDT-1d-2026-07-27.zip,https://data.binance.vision/data/futures/um/daily/klines/BTCUSDT/1d/BTCUSDT-1d-2026-07-27.zip,1,11284117049b571e69ba9fad534c75af9fcc02218529699b0c8f6978e2eda366,true
BTCUSDT-1d-2026-07-28.zip,https://data.binance.vision/data/futures/um/daily/klines/BTCUSDT/1d/BTCUSDT-1d-2026-07-28.zip,1,59353fdfa3c535434a255436fea2c1a13f8a31be71b24fa2e5f5d41f765e5451,true
BTCUSDT-1d-2026-07-29.zip,https://data.binance.vision/data/futures/um/daily/klines/BTCUSDT/1d/BTCUSDT-1d-2026-07-29.zip,1,93e90c6372af069407917e0ddc502018d03bbf8225014b7e9528a0621c672893,true
